unix,date,symbol,open,high,low,close,Volume ETH,Volume GBP,tradecount
1660348800000,2022-08-13 00:00:00,ETH/GBP,1615.09,1615.68,1608.28,1608.39,102.521,165324.128052,215
1660262400000,2022-08-12 00:00:00,ETH/GBP,1543.95,1619.61,1524.12,1614.88,17412.8481,27148816.12175,26142
1660176000000,2022-08-11 00:00:00,ETH/GBP,1518.91,1586.98,1517.06,1543.87,27593.4132,42845071.197171,36187
1660089600000,2022-08-10 00:00:00,ETH/GBP,1411.08,1545.4,1374.64,1518.52,10136.9766,14758927.662504,18837
1660003200000,2022-08-09 00:00:00,ETH/GBP,1471.32,1483.25,1380.01,1410.98,8525.0452,12180756.161898,16366
1659916800000,2022-08-08 00:00:00,ETH/GBP,1410.82,1500,1405.57,1471.8,8762.9298,12784857.300419,17008
1659830400000,2022-08-07 00:00:00,ETH/GBP,1401.55,1433.43,1383.73,1410.71,6191.7554,8700139.440206,11448
1659744000000,2022-08-06 00:00:00,ETH/GBP,1438.19,1448.51,1398.16,1401.46,6275.553,8938777.793692,11430
1659657600000,2022-08-05 00:00:00,ETH/GBP,1324.59,1441.91,1322.74,1438.11,10811.9187,14990652.227325,19923
1659571200000,2022-08-04 00:00:00,ETH/GBP,1333.67,1368.73,1302.54,1323.06,9668.3739,12913320.945883,17988
1659484800000,2022-08-03 00:00:00,ETH/GBP,1343.59,1383.27,1310.95,1333.94,10561.0271,14244414.157262,22370
1659398400000,2022-08-02 00:00:00,ETH/GBP,1331.42,1374.73,1276.97,1343.47,13013.6667,17185333.268321,27067
1659312000000,2022-08-01 00:00:00,ETH/GBP,1380.18,1399,1312.37,1331.39,10539.4249,14324898.624192,21699
1659225600000,2022-07-31 00:00:00,ETH/GBP,1394.88,1440,1370.98,1381.6,8809.901,12350874.509895,19171
1659139200000,2022-07-30 00:00:00,ETH/GBP,1414.56,1465,1376.77,1395.13,9573.801,13457877.684409,20577
1659052800000,2022-07-29 00:00:00,ETH/GBP,1418.13,1450,1367.96,1414.37,12460.2528,17561506.726007,26622
1658966400000,2022-07-28 00:00:00,ETH/GBP,1346.01,1464.05,1317.24,1417.71,14710.4044,20229570.070576,30747
1658880000000,2022-07-27 00:00:00,ETH/GBP,1204.29,1352,1180.37,1345.9,13140.6059,16407583.789819,28670
1658793600000,2022-07-26 00:00:00,ETH/GBP,1196.24,1207.82,1129.38,1204.16,13210.4497,15411668.425324,26014
1658707200000,2022-07-25 00:00:00,ETH/GBP,1334.03,1344.25,1192.67,1195.91,14835.7941,18758149.529228,28541
1658620800000,2022-07-24 00:00:00,ETH/GBP,1292.53,1387.06,1290,1334.48,11665.0709,15537851.308501,24491
1658534400000,2022-07-23 00:00:00,ETH/GBP,1280.11,1330.57,1242.64,1292.37,10122.9226,13006542.233176,20829
1658448000000,2022-07-22 00:00:00,ETH/GBP,1313.23,1375.83,1266.21,1280.09,14516.4695,19239402.705535,30212
1658361600000,2022-07-21 00:00:00,ETH/GBP,1271.38,1339.29,1220.21,1313.22,16076.1314,20451922.362567,33772
1658275200000,2022-07-20 00:00:00,ETH/GBP,1286.92,1350,1242,1271.61,16721.878,21797072.623479,36033
1658188800000,2022-07-19 00:00:00,ETH/GBP,1323.68,1364.08,1252,1287,18353.2704,23677138.201648,39084
1658102400000,2022-07-18 00:00:00,ETH/GBP,1126.29,1336,1124.7,1323.64,16708.7375,20478482.297818,37673
1658016000000,2022-07-17 00:00:00,ETH/GBP,1142.9,1168,1111.8,1124.89,15358.4087,17522243.744761,25661
1657929600000,2022-07-16 00:00:00,ETH/GBP,1036.67,1200,1004.69,1143.03,14121.367,15138142.467903,27005
1657843200000,2022-07-15 00:00:00,ETH/GBP,1007.49,1083.65,998.2,1037.01,15888.0273,16379144.69496,30434
1657756800000,2022-07-14 00:00:00,ETH/GBP,939.55,1024.83,905,1007.12,16776.4724,15988607.012339,25476
1657670400000,2022-07-13 00:00:00,ETH/GBP,873.87,942.32,850.97,939.77,17845.9407,15935775.707545,30191
1657584000000,2022-07-12 00:00:00,ETH/GBP,921.11,921.94,870.03,873.86,14825.7556,13328422.148182,23497
1657497600000,2022-07-11 00:00:00,ETH/GBP,971.22,974.63,917.06,921.2,27049.0791,25905601.906365,29247
1657411200000,2022-07-10 00:00:00,ETH/GBP,1011.4,1013.22,960,970.9,31027.9678,30260561.68131,29308
1657324800000,2022-07-09 00:00:00,ETH/GBP,1009.38,1025,1001.32,1011.88,980.492,993417.494232,3946
1657238400000,2022-07-08 00:00:00,ETH/GBP,1029.11,1058.26,995.02,1009.57,3541.8719,3637458.169116,9757
1657152000000,2022-07-07 00:00:00,ETH/GBP,994.62,1042.66,973.1,1028.45,3348.0745,3377205.012787,9146
1657065600000,2022-07-06 00:00:00,ETH/GBP,947.48,1008.78,929.48,994.1,3538.5191,3392769.869765,10713
1656979200000,2022-07-05 00:00:00,ETH/GBP,948.4,978.5,904.96,947.37,3831.4495,3607232.338899,11816
1656892800000,2022-07-04 00:00:00,ETH/GBP,886.49,955.81,863.35,948.24,4040.2121,3653285.183451,11721
1656806400000,2022-07-03 00:00:00,ETH/GBP,880.8,896.75,858.46,886.8,2025.9828,1776848.142265,6786
1656720000000,2022-07-02 00:00:00,ETH/GBP,874.8,890.33,848.24,880.21,2477.4902,2154823.726785,8091
1656633600000,2022-07-01 00:00:00,ETH/GBP,880.35,915.81,856.21,874.35,4745.3566,4191174.035807,16436
1656547200000,2022-06-30 00:00:00,ETH/GBP,905.66,911.68,820.9,879.02,5685.7101,4863075.156281,18628
1656460800000,2022-06-29 00:00:00,ETH/GBP,937.81,946.53,896.39,906.47,4008.3512,3682209.074758,13622
1656374400000,2022-06-28 00:00:00,ETH/GBP,971.74,1012.09,931.83,937.86,4172.1018,4069248.493243,13377
1656288000000,2022-06-27 00:00:00,ETH/GBP,975.08,1007.47,956.91,970.78,4344.5844,4271785.375439,13093
1656201600000,2022-06-26 00:00:00,ETH/GBP,1011.53,1043.17,972.8,975.24,3297.0436,3320721.274012,9636
1656115200000,2022-06-25 00:00:00,ETH/GBP,999.06,1025.49,958,1011.53,3271.002,3244453.994083,10346
1656028800000,2022-06-24 00:00:00,ETH/GBP,932.63,1013.74,922.56,997.76,6121.6208,5922806.811465,15272
1655942400000,2022-06-23 00:00:00,ETH/GBP,856.25,940.12,853.04,932.21,6109.4439,5512679.270555,14284
1655856000000,2022-06-22 00:00:00,ETH/GBP,917.23,918.05,850.52,856.52,6272.5934,5569778.64447,16194
1655769600000,2022-06-21 00:00:00,ETH/GBP,919.6,971.85,903.88,916.83,5592.994,5228916.407068,16529
1655683200000,2022-06-20 00:00:00,ETH/GBP,921.95,953.4,861.77,919.76,6923.8161,6296358.562572,21492
1655596800000,2022-06-19 00:00:00,ETH/GBP,812.43,945.27,764.5,921.76,12059.0298,10238139.354323,31012
1655510400000,2022-06-18 00:00:00,ETH/GBP,888.47,897.34,720.8,812.36,13444.11093,10779744.7502332,35582
1655424000000,2022-06-17 00:00:00,ETH/GBP,863.56,907.37,851.25,888.84,8315.793,7362260.424443,21285
1655337600000,2022-06-16 00:00:00,ETH/GBP,1015.28,1030.74,849.98,863.46,12322.1364,11292865.245042,21879
1655251200000,2022-06-15 00:00:00,ETH/GBP,1005.17,1023.66,839.81,1015.84,21970.25736,20305064.3198913,37987
1655164800000,2022-06-14 00:00:00,ETH/GBP,993.98,1053,885.38,1005.18,20537.40364,20195116.1100476,33397
1655078400000,2022-06-13 00:00:00,ETH/GBP,1166.1,1182.38,959.37,995.27,31111.93924,32013907.1944643,46067
1654992000000,2022-06-12 00:00:00,ETH/GBP,1244.68,1254.01,1157.02,1167.58,8262.00809,9894222.4115324,13628
1654905600000,2022-06-11 00:00:00,ETH/GBP,1350.36,1365.03,1219,1243.92,4872.0386,6202302.7766903,10323
1654819200000,2022-06-10 00:00:00,ETH/GBP,1430.33,1442.4,1344.51,1349.58,5756.0897,8056362.394394,10900
1654732800000,2022-06-09 00:00:00,ETH/GBP,1429.01,1464,1417.21,1431.77,4156.4125,5975224.318357,7727
1654646400000,2022-06-08 00:00:00,ETH/GBP,1439.49,1465.96,1404.23,1429.06,4242.3386,6097264.191603,7857
1654560000000,2022-06-07 00:00:00,ETH/GBP,1481.9,1487.32,1380.62,1438.99,7109.2969,10079179.567987,12916
1654473600000,2022-06-06 00:00:00,ETH/GBP,1444.99,1528.23,1444.34,1484.69,4023.6032,6035691.155503,9266
1654387200000,2022-06-05 00:00:00,ETH/GBP,1444.04,1462.86,1419.16,1444.81,1260.1451,1818525.916246,3868
1654300800000,2022-06-04 00:00:00,ETH/GBP,1420.67,1452.39,1399.7,1443.42,1155.1136,1640809.934053,3500
1654214400000,2022-06-03 00:00:00,ETH/GBP,1459.11,1465.52,1387.24,1419.76,3371.6359,4766821.709354,7522
1654128000000,2022-06-02 00:00:00,ETH/GBP,1454.42,1471.92,1421.07,1457.9,4567.5412,6619280.339423,9551
1654041600000,2022-06-01 00:00:00,ETH/GBP,1539.79,1570.2,1411.59,1455.79,5435.708,8175062.908325,11134
1653955200000,2022-05-31 00:00:00,ETH/GBP,1580.89,1593.88,1525.01,1539.66,5187.752,8100725.424246,11302
1653868800000,2022-05-30 00:00:00,ETH/GBP,1436.74,1590.64,1428.41,1580.7,6383.2688,9650910.416409,12612
1653782400000,2022-05-29 00:00:00,ETH/GBP,1419.01,1446.46,1396.86,1435.85,2969.5263,4236811.735141,5621
1653696000000,2022-05-28 00:00:00,ETH/GBP,1367.46,1430.3,1362.8,1420.55,3418.6868,4779970.100412,7270
1653609600000,2022-05-27 00:00:00,ETH/GBP,1420.49,1442.73,1350,1365.25,9927.7043,13875485.747737,16703
1653523200000,2022-05-26 00:00:00,ETH/GBP,1542.15,1558.97,1384.18,1419.35,7211.1482,10583536.400686,14470
1653436800000,2022-05-25 00:00:00,ETH/GBP,1577.41,1611.6,1541.12,1542.87,4524.106,7104716.015983,8062
1653350400000,2022-05-24 00:00:00,ETH/GBP,1570.36,1586.53,1529.04,1577.17,4255.3721,6657297.85811,8488
1653264000000,2022-05-23 00:00:00,ETH/GBP,1632.39,1660.67,1530,1570.13,5559.7713,9007574.420118,12752
1653177600000,2022-05-22 00:00:00,ETH/GBP,1580.53,1642.14,1573.06,1632.35,2877.2828,4628630.434692,8004
1653091200000,2022-05-21 00:00:00,ETH/GBP,1567.87,1591.85,1551.33,1580.52,1977.9531,3119002.823462,5451
1653004800000,2022-05-20 00:00:00,ETH/GBP,1618.61,1654.62,1541.39,1567.51,5000.6296,8018436.671156,11068
1652918400000,2022-05-19 00:00:00,ETH/GBP,1549.56,1629.04,1540,1620.21,5367.7627,8485336.443271,7992
1652832000000,2022-05-18 00:00:00,ETH/GBP,1672.73,1688.08,1545,1549.1,3759.7473,6047359.816442,6223
1652745600000,2022-05-17 00:00:00,ETH/GBP,1641.79,1700,1611.37,1672.62,3415.4134,5676654.581781,6067
1652659200000,2022-05-16 00:00:00,ETH/GBP,1748.47,1752.51,1612.46,1640.23,5520.9422,9160834.150366,8448
1652572800000,2022-05-15 00:00:00,ETH/GBP,1676.9,1765.99,1630.35,1748.52,2551.1994,4339781.402273,4864
1652486400000,2022-05-14 00:00:00,ETH/GBP,1637.07,1750,1591.71,1677.75,2318.8256,3803603.700292,5200
1652400000000,2022-05-13 00:00:00,ETH/GBP,1598.97,1759.76,1584.31,1635.64,8181.7881,13936305.989096,16683
1652313600000,2022-05-12 00:00:00,ETH/GBP,1683.74,1771.54,1300.01,1595.97,19670.7616,30378932.9192252,50266
1652227200000,2022-05-11 00:00:00,ETH/GBP,1904.14,1984.58,1620.8,1683.15,13939.86,25577493.602883,35848
1652140800000,2022-05-10 00:00:00,ETH/GBP,1806.91,1994.53,1786.43,1906.34,6462.6283,12335557.619295,14642
1652054400000,2022-05-09 00:00:00,ETH/GBP,2047.53,2056.74,1803.72,1808.61,8489.4069,16305261.345171,21466
1651968000000,2022-05-08 00:00:00,ETH/GBP,2137.97,2143.18,2016.68,2045.89,3915.8983,8102021.314278,11121
1651881600000,2022-05-07 00:00:00,ETH/GBP,2184.8,2195,2100.13,2137.86,2622.7984,5681272.03747,8351
1651795200000,2022-05-06 00:00:00,ETH/GBP,2224.51,2235.03,2138.21,2185.24,5067.8588,11112559.758032,12670
1651708800000,2022-05-05 00:00:00,ETH/GBP,2332.52,2370.69,2181.65,2225.21,4826.0443,10967293.852643,11823
1651622400000,2022-05-04 00:00:00,ETH/GBP,2226.07,2357.48,2220,2331.77,4229.6321,9666853.298504,11041
1651536000000,2022-05-03 00:00:00,ETH/GBP,2287,2289.56,2206.05,2226.14,3087.9097,6959903.824085,8101
1651449600000,2022-05-02 00:00:00,ETH/GBP,2247.52,2306.9,2216.75,2287.13,3098.481,6998977.197392,8903
1651363200000,2022-05-01 00:00:00,ETH/GBP,2173.32,2264.63,2165.17,2246.9,2870.3379,6360902.879834,8517
1651276800000,2022-04-30 00:00:00,ETH/GBP,2244.2,2263.34,2164.96,2174.18,2369.7362,5290730.067945,8487
1651190400000,2022-04-29 00:00:00,ETH/GBP,2357.29,2363.9,2210.44,2243.8,4552.3777,10404241.784664,12024
1651104000000,2022-04-28 00:00:00,ETH/GBP,2300.33,2392.9,2290.56,2357.42,4137.5402,9653207.513213,11309
1651017600000,2022-04-27 00:00:00,ETH/GBP,2236.37,2322.57,2226.48,2304.04,4805.9248,10975234.207077,11676
1650931200000,2022-04-26 00:00:00,ETH/GBP,2363.15,2384.07,2204.15,2236.77,4846.8803,11187876.326274,11995
1650844800000,2022-04-25 00:00:00,ETH/GBP,2281.86,2376.8,2197.05,2362.92,5790.677,13095312.874102,13521
1650758400000,2022-04-24 00:00:00,ETH/GBP,2288.91,2313.04,2271.87,2279.75,1878.1002,4307513.453924,6236
1650672000000,2022-04-23 00:00:00,ETH/GBP,2310.49,2323.34,2270,2288.91,1615.6612,3725736.229671,5514
1650585600000,2022-04-22 00:00:00,ETH/GBP,2294.8,2348.79,2283.46,2310.13,4500.8239,10430228.904628,9724
1650499200000,2022-04-21 00:00:00,ETH/GBP,2358.17,2437.86,2263.99,2294.82,5015.8219,11890003.234768,11052
1650412800000,2022-04-20 00:00:00,ETH/GBP,2388.9,2432.18,2330,2358.19,6859.6971,16328732.475981,13796
1650326400000,2022-04-19 00:00:00,ETH/GBP,2356.87,2412.33,2334.82,2389.18,6193.0715,14663988.867285,13060
1650240000000,2022-04-18 00:00:00,ETH/GBP,2298.04,2368.1,2220.91,2356.79,7228.5025,16373350.646443,15052
1650153600000,2022-04-17 00:00:00,ETH/GBP,2347.55,2369.99,2295.31,2299.65,2536.0564,5938539.989616,6665
1650067200000,2022-04-16 00:00:00,ETH/GBP,2338.88,2365.11,2311.35,2346.56,1803.7741,4208943.297322,5611
1649980800000,2022-04-15 00:00:00,ETH/GBP,2316.45,2348.8,2299.02,2338.85,2210.1794,5131002.232383,6841
1649894400000,2022-04-14 00:00:00,ETH/GBP,2383.38,2400,2278.22,2317.01,3418.4497,8005012.57073,8787
1649808000000,2022-04-13 00:00:00,ETH/GBP,2334.29,2394.42,2310.04,2382.95,4153.9592,9778825.350906,9995
1649721600000,2022-04-12 00:00:00,ETH/GBP,2294.34,2369.58,2270.32,2331.66,4417.1499,10266394.03951,11001
1649635200000,2022-04-11 00:00:00,ETH/GBP,2468.41,2474.19,2267.11,2289.32,3833.4417,9050496.671409,12076
1649548800000,2022-04-10 00:00:00,ETH/GBP,2507.48,2549.61,2459.11,2468.83,1329.4158,3332721.65887,5906
1649462400000,2022-04-09 00:00:00,ETH/GBP,2453.17,2513.01,2445.1,2504.73,1365.8098,3380429.117936,6621
1649376000000,2022-04-08 00:00:00,ETH/GBP,2472.84,2543.18,2439.45,2453.11,4015.0358,10041153.8887,10583
1649289600000,2022-04-07 00:00:00,ETH/GBP,2425.31,2500.45,2406.98,2472.8,4849.0407,11933459.031571,12964
1649203200000,2022-04-06 00:00:00,ETH/GBP,2608.5,2608.73,2422,2426.8,5228.7429,13104570.215388,14738
1649116800000,2022-04-05 00:00:00,ETH/GBP,2685.54,2706.85,2601.6,2607.85,3320.0801,8817766.39456,9361
1649030400000,2022-04-04 00:00:00,ETH/GBP,2690.1,2707.4,2605.41,2687.46,3517.7686,9336314.636634,8853
1648944000000,2022-04-03 00:00:00,ETH/GBP,2633.59,2734.06,2606.92,2689.46,2413.6048,6444489.498518,6828
1648857600000,2022-04-02 00:00:00,ETH/GBP,2638.2,2698.4,2622,2629.75,2888.1796,7673900.094231,7674
1648771200000,2022-04-01 00:00:00,ETH/GBP,2497.53,2657,2447.07,2638.48,5861.9172,14822720.997012,11486
1648684800000,2022-03-31 00:00:00,ETH/GBP,2577.02,2623.7,2483.19,2497.55,4048.6068,10377349.555503,8969
1648598400000,2022-03-30 00:00:00,ETH/GBP,2595.37,2622.86,2543.71,2578.42,2838.727,7327981.270758,7198
1648512000000,2022-03-29 00:00:00,ETH/GBP,2547.14,2652.25,2546.54,2597.5,5157.0066,13470594.403907,10128
1648425600000,2022-03-28 00:00:00,ETH/GBP,2500.05,2624.99,2488.21,2546.02,4154.9451,10611286.060219,8813
1648339200000,2022-03-27 00:00:00,ETH/GBP,2387.38,2503.48,2375.82,2502.31,2304.1344,5586620.68969,5399
1648252800000,2022-03-26 00:00:00,ETH/GBP,2356.35,2393.53,2345,2388.59,1718.8542,4075642.775284,3746
1648166400000,2022-03-25 00:00:00,ETH/GBP,2360.15,2421.77,2337.13,2355.29,4526.2927,10777439.859153,7934
1648080000000,2022-03-24 00:00:00,ETH/GBP,2300.81,2373.39,2278.57,2358.69,3575.2792,8309756.146982,7342
1647993600000,2022-03-23 00:00:00,ETH/GBP,2241.48,2305.73,2201.66,2299.72,3776.5874,8476909.911218,7404
1647907200000,2022-03-22 00:00:00,ETH/GBP,2194.91,2322.57,2194.47,2241.59,5203.3892,11835903.911124,8630
1647820800000,2022-03-21 00:00:00,ETH/GBP,2179.76,2245,2154.96,2200.38,3597.334,7921134.217899,6825
1647734400000,2022-03-20 00:00:00,ETH/GBP,2243.59,2253.18,2143.55,2181.88,2832.0216,6235051.039519,5159
1647648000000,2022-03-19 00:00:00,ETH/GBP,2232.1,2270.3,2199,2244.03,3608.2617,8088478.882971,5412
1647561600000,2022-03-18 00:00:00,ETH/GBP,2140.19,2264.77,2104.55,2232.25,3931.9267,8531680.153018,6641
1647475200000,2022-03-17 00:00:00,ETH/GBP,2111,2163.71,2088.11,2140.57,2833.6762,6024806.054186,5599
1647388800000,2022-03-16 00:00:00,ETH/GBP,2011.51,2123.89,1997.79,2111.28,6282.469,12901533.308156,10540
1647302400000,2022-03-15 00:00:00,ETH/GBP,1994.92,2049.63,1926.39,2011.4,6030.8001,11931005.536592,10099
1647216000000,2022-03-14 00:00:00,ETH/GBP,1933.57,2003,1922.81,1993.65,3952.7208,7781567.43336,7235
1647129600000,2022-03-13 00:00:00,ETH/GBP,1973.29,2000,1915.01,1932.57,1739.442,3424171.474472,4309
1647043200000,2022-03-12 00:00:00,ETH/GBP,1962.9,2006.89,1961.07,1975.87,1277.6354,2536633.377301,3582
1646956800000,2022-03-11 00:00:00,ETH/GBP,1990.01,2041.87,1930,1963.6,4497.5828,8905739.064303,7138
1646870400000,2022-03-10 00:00:00,ETH/GBP,2067.85,2070.66,1939.03,1992.49,4960.5418,9864473.470437,6662
1646784000000,2022-03-09 00:00:00,ETH/GBP,1972.04,2111.07,1961.23,2067.57,3972.9532,8206567.881978,5914
1646697600000,2022-03-08 00:00:00,ETH/GBP,1901.26,1999.91,1894.2,1965.69,4404.4212,8614828.379258,6232
1646611200000,2022-03-07 00:00:00,ETH/GBP,1930.59,2010,1867.28,1901.2,5612.558,10885232.756807,7322
1646524800000,2022-03-06 00:00:00,ETH/GBP,2016.76,2024.88,1920,1930.77,2255.8159,4474231.145202,3770
1646438400000,2022-03-05 00:00:00,ETH/GBP,1981.25,2030.05,1960.47,2017.65,1890.7432,3772146.650355,2801
1646352000000,2022-03-04 00:00:00,ETH/GBP,2121.42,2123.89,1946,1983.11,3669.1749,7457341.396876,6035
1646265600000,2022-03-03 00:00:00,ETH/GBP,2198.74,2218.29,2088.57,2123.88,3530.1118,7565169.46036,5637
1646179200000,2022-03-02 00:00:00,ETH/GBP,2231.81,2282.75,2180.76,2199.16,4487.615,10015659.011531,6938
1646092800000,2022-03-01 00:00:00,ETH/GBP,2173.34,2265,2127.29,2230.78,4492.637,9892916.230724,7118
1646006400000,2022-02-28 00:00:00,ETH/GBP,1950.41,2195.69,1918.59,2174.37,4052.914,8306364.59297,7068
1645920000000,2022-02-27 00:00:00,ETH/GBP,2069.99,2110.34,1916.35,1955.28,2882.7666,5803611.962281,4994
1645833600000,2022-02-26 00:00:00,ETH/GBP,2063.46,2145.96,2034,2068.19,1982.4178,4127511.738803,3756
1645747200000,2022-02-25 00:00:00,ETH/GBP,1939.72,2110.68,1922.54,2059.97,3512.3227,7056061.855839,6540
1645660800000,2022-02-24 00:00:00,ETH/GBP,1900.43,2041.37,1702.87,1936.78,6103.6709,11243751.670709,12302
1645574400000,2022-02-23 00:00:00,ETH/GBP,1943.04,2026,1899.13,1899.79,2925.6362,5748843.088255,5390
1645488000000,2022-02-22 00:00:00,ETH/GBP,1891.75,1968.02,1839.9,1941.95,3973.4481,7567014.83235,6619
1645401600000,2022-02-21 00:00:00,ETH/GBP,1932.33,2026.18,1884.14,1892.71,4989.4663,9769346.981887,8035
1645315200000,2022-02-20 00:00:00,ETH/GBP,2035.53,2037.12,1897.02,1930.59,2000.6677,3904222.765057,4062
1645228800000,2022-02-19 00:00:00,ETH/GBP,2047.52,2085.06,1986.66,2035.85,2012.08,4109837.676992,3290
1645142400000,2022-02-18 00:00:00,ETH/GBP,2130.83,2161.96,2027.67,2047.58,3687.2764,7687555.022385,5535
1645056000000,2022-02-17 00:00:00,ETH/GBP,2304.33,2326.24,2097.57,2129.37,3866.9986,8596282.716884,6306
1644969600000,2022-02-16 00:00:00,ETH/GBP,2349.14,2350.71,2242.95,2301.16,2574.5851,5930328.660221,4615
1644883200000,2022-02-15 00:00:00,ETH/GBP,2167.89,2361.26,2154.33,2351.5,2943.8486,6686898.091042,5198
1644796800000,2022-02-14 00:00:00,ETH/GBP,2120.46,2193.66,2088.27,2168.24,3511.7417,7509067.988964,5527
1644710400000,2022-02-13 00:00:00,ETH/GBP,2152.14,2183.24,2095.37,2119.67,1818.7135,3909718.091369,3210
1644624000000,2022-02-12 00:00:00,ETH/GBP,2159.92,2202.06,2112.3,2151.74,2190.2704,4720309.148953,4134
1644537600000,2022-02-11 00:00:00,ETH/GBP,2265.94,2314.76,2122.81,2160.46,8691.7177,19727423.578301,10524
1644451200000,2022-02-10 00:00:00,ETH/GBP,2398.61,2418.56,2257.86,2269.16,4375.7146,10272578.086546,8090
1644364800000,2022-02-09 00:00:00,ETH/GBP,2303.69,2411.03,2255.65,2394.76,3177.0009,7420287.70304,5823
1644278400000,2022-02-08 00:00:00,ETH/GBP,2327.64,2390.58,2235.58,2303.2,5358.3861,12333933.221533,8176
1644192000000,2022-02-07 00:00:00,ETH/GBP,2261.69,2358.79,2217.78,2323.47,4285.1355,9829983.250387,7885
1644105600000,2022-02-06 00:00:00,ETH/GBP,2223.75,2274.89,2179.31,2261.78,1733.8331,3844225.338603,3918
1644019200000,2022-02-05 00:00:00,ETH/GBP,2211.01,2258.01,2182.87,2220.4,2194.3293,4876532.470197,5055
1643932800000,2022-02-04 00:00:00,ETH/GBP,1984,2211.07,1967.31,2211.07,3311.7288,6983411.501964,7757
1643846400000,2022-02-03 00:00:00,ETH/GBP,1972.35,2005.44,1895,1980.64,2217.7282,4294294.865346,4954
1643760000000,2022-02-02 00:00:00,ETH/GBP,2063.09,2074.52,1920.69,1975.65,2449.3208,4904766.19473,5716
1643673600000,2022-02-01 00:00:00,ETH/GBP,1999.36,2085.13,1991.66,2062.73,2592.8846,5305051.782942,5674
1643587200000,2022-01-31 00:00:00,ETH/GBP,1945,2013.47,1800,1998.78,3970.9921,7695832.523615,8297
1643500800000,2022-01-30 00:00:00,ETH/GBP,1945.79,1974.88,1900.78,1944.21,2242.1406,4348408.74858,5778
1643414400000,2022-01-29 00:00:00,ETH/GBP,1900.39,1975.57,1883.53,1946.61,2007.5391,3862847.741225,5605
1643328000000,2022-01-28 00:00:00,ETH/GBP,1812.85,1914.66,1765,1903.86,2677.4005,4877022.012205,7274
1643241600000,2022-01-27 00:00:00,ETH/GBP,1833.14,1885.16,1733.48,1813.36,3077.4964,5563233.381873,8343
1643155200000,2022-01-26 00:00:00,ETH/GBP,1822.51,2016.61,1788.06,1835.22,4556.2727,8594095.718041,11437
1643068800000,2022-01-25 00:00:00,ETH/GBP,1809.61,1905,1745.84,1821.91,3146.5894,5687932.400428,8219
1642982400000,2022-01-24 00:00:00,ETH/GBP,1878.93,1878.93,1603.66,1809.15,5948.08301,10223335.2929928,15639
1642896000000,2022-01-23 00:00:00,ETH/GBP,1784.19,1890.65,1757.49,1880.7,3357.4098,6133536.240259,10169
1642809600000,2022-01-22 00:00:00,ETH/GBP,1900.37,1942.84,1700,1785.33,5396.17017,9777956.7958026,17084
1642723200000,2022-01-21 00:00:00,ETH/GBP,2208.19,2233.77,1820,1903.87,6182.54413,12648003.5600488,16658
1642636800000,2022-01-20 00:00:00,ETH/GBP,2269.8,2398.34,2198.52,2212.51,2211.342,5112830.638172,7572
1642550400000,2022-01-19 00:00:00,ETH/GBP,2327.49,2338.01,2241.35,2270.25,2783.4249,6375763.936127,7927
1642464000000,2022-01-18 00:00:00,ETH/GBP,2355.26,2378.04,2270.97,2328.91,2732.4892,6326683.682926,7957
1642377600000,2022-01-17 00:00:00,ETH/GBP,2449.01,2456.8,2305.76,2355.13,1713.4849,4077688.365965,6000
1642291200000,2022-01-16 00:00:00,ETH/GBP,2433.22,2480.11,2396.14,2449.7,1271.6265,3097570.728313,4600
1642204800000,2022-01-15 00:00:00,ETH/GBP,2422.15,2466,2386.2,2435.57,1546.832,3761369.854882,4705
1642118400000,2022-01-14 00:00:00,ETH/GBP,2366.13,2447.25,2323.33,2421.84,1859.3243,4425900.665638,5686
1642032000000,2022-01-13 00:00:00,ETH/GBP,2459.21,2482.61,2356.55,2364.69,2309.9539,5585825.048676,6495
1641945600000,2022-01-12 00:00:00,ETH/GBP,2380.28,2490,2354.29,2462.64,3051.8968,7367351.130462,7367
1641859200000,2022-01-11 00:00:00,ETH/GBP,2271.51,2398.2,2246.95,2379.82,2615.9213,6066085.78174,6828
1641772800000,2022-01-10 00:00:00,ETH/GBP,2324.79,2345.73,2160.2,2270.97,3485.1321,7929353.946101,8550
1641686400000,2022-01-09 00:00:00,ETH/GBP,2269.85,2374.59,2255,2325.88,2472.7807,5723085.932172,6860
1641600000000,2022-01-08 00:00:00,ETH/GBP,2354,2390,2211,2269.15,2891.3119,6718931.24164,7653
1641513600000,2022-01-07 00:00:00,ETH/GBP,2521.2,2530.22,2262.3,2352.31,3498.792,8296885.04577,9586
1641427200000,2022-01-06 00:00:00,ETH/GBP,2617.47,2625,2437.96,2521.02,2907.5495,7343000.049019,9411
1641340800000,2022-01-05 00:00:00,ETH/GBP,2798.39,2842.67,2525.46,2616.78,2392.6793,6476207.983698,8852
1641254400000,2022-01-04 00:00:00,ETH/GBP,2797.83,2874.01,2760,2798.52,1867.896,5258861.826975,6665
1641168000000,2022-01-03 00:00:00,ETH/GBP,2834.48,2850.06,2735.58,2796.75,2444.8827,6870632.181685,7361
1641081600000,2022-01-02 00:00:00,ETH/GBP,2788.64,2853.72,2753.92,2836,1732.9451,4840414.184499,7061
1640995200000,2022-01-01 00:00:00,ETH/GBP,2725.41,2795.68,2720,2788.64,1726.6933,4765090.189686,6029
1640908800000,2021-12-31 00:00:00,ETH/GBP,2750.21,2828.52,2677.75,2724.14,1881.3734,5216212.20376,6702
1640822400000,2021-12-30 00:00:00,ETH/GBP,2695.64,2794.51,2660.44,2751.28,2006.4696,5499946.479218,7085
1640736000000,2021-12-29 00:00:00,ETH/GBP,2831.03,2855.02,2675.02,2695.64,3517.0453,9814291.1547,9152
1640649600000,2021-12-28 00:00:00,ETH/GBP,3008.68,3008.68,2801,2831,3725.2229,10809695.900437,10484
1640563200000,2021-12-27 00:00:00,ETH/GBP,3033.31,3076.87,3004,3009.11,974.11,2963171.041421,4140
1640476800000,2021-12-26 00:00:00,ETH/GBP,3063.28,3069.71,2996.17,3029.97,1038.9957,3150913.460557,4731
1640390400000,2021-12-25 00:00:00,ETH/GBP,3021,3092.87,3003.84,3062.75,1779.6159,5401360.332644,5464
1640304000000,2021-12-24 00:00:00,ETH/GBP,3065.37,3087.63,3003,3019.93,1766.3156,5391084.30842,6030
1640217600000,2021-12-23 00:00:00,ETH/GBP,2983.73,3094.12,2916.44,3061.46,3267.2104,9726642.087268,8825
1640131200000,2021-12-22 00:00:00,ETH/GBP,3019.38,3065,2956.85,2979.17,1983.5427,5982653.778028,7131
1640044800000,2021-12-21 00:00:00,ETH/GBP,2984.26,3066.66,2964.08,3019.37,1909.6254,5769579.953989,5840
1639958400000,2021-12-20 00:00:00,ETH/GBP,2967.43,3010,2836.8,2980.36,1959.4827,5718703.032293,7117
1639872000000,2021-12-19 00:00:00,ETH/GBP,2979.16,3034,2929.11,2962.96,1814.6697,5393879.867827,6634
1639785600000,2021-12-18 00:00:00,ETH/GBP,2930.49,3016.39,2848.97,2981.24,1662.607,4926701.151569,5608
1639699200000,2021-12-17 00:00:00,ETH/GBP,2969.37,2996.34,2784.14,2929.19,2176.6323,6334449.717663,7388
1639612800000,2021-12-16 00:00:00,ETH/GBP,3027.39,3085.46,2966.92,2971.7,2054.3789,6240672.693744,8924
1639526400000,2021-12-15 00:00:00,ETH/GBP,2916.46,3080,2759.59,3022.66,2793.3593,8190091.16782,8398
1639440000000,2021-12-14 00:00:00,ETH/GBP,2870.64,2934.71,2795.35,2917.23,2124.671,6110992.335124,6692
1639353600000,2021-12-13 00:00:00,ETH/GBP,3106.35,3116.55,2779,2869.17,3410.758,10004613.68419,9966
1639267200000,2021-12-12 00:00:00,ETH/GBP,3088.08,3140,3010.01,3106.35,1640.0716,5042702.364624,5198
1639180800000,2021-12-11 00:00:00,ETH/GBP,2940.09,3093.23,2892.89,3086.88,2074.0264,6270005.908063,5793
1639094400000,2021-12-10 00:00:00,ETH/GBP,3106.65,3208.12,2934,2943.65,3320.8026,10169001.861611,9096
1639008000000,2021-12-09 00:00:00,ETH/GBP,3355.82,3397.48,3086.56,3105.27,2911.8806,9386293.927376,9094
1638921600000,2021-12-08 00:00:00,ETH/GBP,3250.69,3372.26,3200,3355.81,2583.5009,8500240.928407,7216
1638835200000,2021-12-07 00:00:00,ETH/GBP,3274.46,3342.4,3210,3243.3,2544.2816,8356616.809103,6885
1638748800000,2021-12-06 00:00:00,ETH/GBP,3189.02,3290,2963.16,3277.63,4419.5892,13728097.330016,9557
1638662400000,2021-12-05 00:00:00,ETH/GBP,3138.53,3226.88,3063.34,3183.11,2675.5999,8450851.359217,7169
1638576000000,2021-12-04 00:00:00,ETH/GBP,3193.68,3212.99,2685.55,3138.39,6783.3043,20435978.091615,19132
1638489600000,2021-12-03 00:00:00,ETH/GBP,3392.87,3499,3055,3193.7,3409.6643,11216157.073097,9619
1638403200000,2021-12-02 00:00:00,ETH/GBP,3454.13,3483.43,3337.86,3395.28,2544.5152,8695404.396074,7679
1638316800000,2021-12-01 00:00:00,ETH/GBP,3445.85,3575.43,3412.2,3455.73,3200.0855,11250638.694119,9091
1638230400000,2021-11-30 00:00:00,ETH/GBP,3336.57,3553.52,3260,3439.15,3245.8036,11145247.263372,9671
1638144000000,2021-11-29 00:00:00,ETH/GBP,3262.3,3356.03,3216.31,3334.29,2917.2945,9595998.022599,7898
1638057600000,2021-11-28 00:00:00,ETH/GBP,3111.73,3261.81,3006.83,3260.98,2180.0531,6825290.768126,5890
1637971200000,2021-11-27 00:00:00,ETH/GBP,3059.57,3164.5,3049.78,3110.55,1448.8554,4515315.346262,4995
1637884800000,2021-11-26 00:00:00,ETH/GBP,3399.2,3417.68,2943.65,3054.26,4119.5872,12791336.350078,12522
1637798400000,2021-11-25 00:00:00,ETH/GBP,3206.45,3419.35,3189.34,3399,2133.2187,7095549.500405,7070
1637712000000,2021-11-24 00:00:00,ETH/GBP,3249.52,3277.63,3122.16,3204.81,2221.0935,7073109.681082,5900
1637625600000,2021-11-23 00:00:00,ETH/GBP,3058.53,3283.68,3039.13,3250.27,2758.9676,8696147.455931,7349
1637539200000,2021-11-22 00:00:00,ETH/GBP,3187.59,3221.81,3014.28,3058.8,3535.8168,11003305.967578,9846
1637452800000,2021-11-21 00:00:00,ETH/GBP,3293.2,3305.03,3171.44,3184.51,1504.7447,4885762.31565,5533
1637366400000,2021-11-20 00:00:00,ETH/GBP,3211.05,3315.47,3139.74,3293.2,2129.9717,6883613.16854,5927
1637280000000,2021-11-19 00:00:00,ETH/GBP,2978.8,3219.97,2963.55,3212.57,3793.6537,11741524.398574,9649
1637193600000,2021-11-18 00:00:00,ETH/GBP,3186.64,3226.51,2945,2979.45,4003.7904,12202963.121847,11042
1637107200000,2021-11-17 00:00:00,ETH/GBP,3152.09,3195.21,3040.35,3188.81,4138.8226,12916896.494776,10824
1637020800000,2021-11-16 00:00:00,ETH/GBP,3402.19,3402.19,3065.69,3151.11,8546.972,27479396.831973,19162
1636934400000,2021-11-15 00:00:00,ETH/GBP,3464.66,3555,3391.32,3409.25,3859.3399,13404995.156502,8734
1636848000000,2021-11-14 00:00:00,ETH/GBP,3474.29,3513.22,3379,3464.59,3434.8405,11817937.424753,7529
1636761600000,2021-11-13 00:00:00,ETH/GBP,3491.25,3521,3434.58,3474.82,2085.271,7259325.534303,5025
1636675200000,2021-11-12 00:00:00,ETH/GBP,3533.62,3591.77,3370.7,3491.59,3002.72124,10453521.4112494,7667
1636588800000,2021-11-11 00:00:00,ETH/GBP,3430,3564.25,3375.95,3535.07,2416.01612,8453116.105804,7952
1636502400000,2021-11-10 00:00:00,ETH/GBP,3442.07,3538.52,3305.01,3434.29,4530.7749,15484113.509307,13459
1636416000000,2021-11-09 00:00:00,ETH/GBP,3485.02,3508,3419.13,3442.6,3661.63547,12701337.569167,10205
1636329600000,2021-11-08 00:00:00,ETH/GBP,3369.22,3494.99,3369.04,3485.44,3578.05037,12309738.9245879,10701
1636243200000,2021-11-07 00:00:00,ETH/GBP,3305.19,3386.81,3295.05,3369.21,3027.62,10150033.7825,8328
1636156800000,2021-11-06 00:00:00,ETH/GBP,3272.31,3312.69,3168.67,3304.58,2322.9767,7534744.970675,6983
1636070400000,2021-11-05 00:00:00,ETH/GBP,3300.82,3331.61,3243.04,3275.02,2240.0785,7368555.669705,6875
1635984000000,2021-11-04 00:00:00,ETH/GBP,3345.09,3348.19,3218.02,3301.42,8090.7914,26560486.156703,14323
1635897600000,2021-11-03 00:00:00,ETH/GBP,3341.47,3392.57,3236.3,3346.19,6065.5332,20203313.8963347,12853
1635811200000,2021-11-02 00:00:00,ETH/GBP,3145.21,3348.1,3122.57,3339.47,3634.76137,11754801.9469162,11837
1635724800000,2021-11-01 00:00:00,ETH/GBP,3123.73,3189.61,3028.12,3146.18,3862.6287,12113629.72859,9266
1635638400000,2021-10-31 00:00:00,ETH/GBP,3136.76,3187.21,3029,3121,2751.9082,8543787.97402,6930
1635552000000,2021-10-30 00:00:00,ETH/GBP,3188.3,3196.23,3067.64,3133.48,2325.5759,7274948.651212,6768
1635465600000,2021-10-29 00:00:00,ETH/GBP,3099.15,3217.53,3084.51,3184.27,6171.17129,19474852.232765,12971
1635379200000,2021-10-28 00:00:00,ETH/GBP,2838.22,3100.04,2765,3097.67,6961.6175,20753300.952653,13644
1635292800000,2021-10-27 00:00:00,ETH/GBP,2973.15,3094.45,2830.1,2836.11,6953.4623,20348150.693323,14719
1635206400000,2021-10-26 00:00:00,ETH/GBP,3018.24,3068.22,2940,2972.36,3996.7038,11993489.69609,9613
1635120000000,2021-10-25 00:00:00,ETH/GBP,2917,3022.49,2890.34,3018.25,5383.1627,15948755.665695,9836
1635033600000,2021-10-24 00:00:00,ETH/GBP,2965.78,2978.19,2824.3,2914.62,4696.3822,13615196.704373,9678
1634947200000,2021-10-23 00:00:00,ETH/GBP,2826.3,2968.93,2795.01,2965.76,1840.9921,5327030.758937,6102
1634860800000,2021-10-22 00:00:00,ETH/GBP,2870.87,2948.83,2765.51,2825.56,2887.1504,8299285.891737,9077
1634774400000,2021-10-21 00:00:00,ETH/GBP,2935.62,3090.02,2835.26,2870.87,6392.56896,18847419.1138276,19317
1634688000000,2021-10-20 00:00:00,ETH/GBP,2777.61,2941,2735.56,2936.48,5263.95218,15083862.3676385,14355
1634601600000,2021-10-19 00:00:00,ETH/GBP,2680,2778.48,2669.3,2771.77,2552.3307,6946562.970804,7230
1634515200000,2021-10-18 00:00:00,ETH/GBP,2758.2,2785.6,2625.01,2678,2998.0831,8092716.11552,8186
1634428800000,2021-10-17 00:00:00,ETH/GBP,2735.41,2799.24,2610.63,2755.37,3242.8643,8846727.429037,8472
1634342400000,2021-10-16 00:00:00,ETH/GBP,2757.3,2833.02,2718.02,2735.12,3310.7144,9178590.327826,8384
1634256000000,2021-10-15 00:00:00,ETH/GBP,2730.89,2781.53,2682.54,2757.29,2981.5508,8150668.759159,8789
1634169600000,2021-10-14 00:00:00,ETH/GBP,2618.94,2767.77,2602.71,2730.73,4429.4378,11949953.027436,10152
1634083200000,2021-10-13 00:00:00,ETH/GBP,2548.39,2621.9,2493.66,2617.36,2626.0602,6707399.46309,6743
1633996800000,2021-10-12 00:00:00,ETH/GBP,2581.3,2589,2487.38,2547.11,2647.6974,6730073.533856,6888
1633910400000,2021-10-11 00:00:00,ETH/GBP,2493.37,2630.65,2463.01,2583.34,3294.4152,8488160.779769,8032
1633824000000,2021-10-10 00:00:00,ETH/GBP,2585.92,2616,2487.35,2493.6,2762.2609,7078200.728227,6861
1633737600000,2021-10-09 00:00:00,ETH/GBP,2578.24,2624,2561.46,2585.92,1478.5415,3836343.07819,4880
1633651200000,2021-10-08 00:00:00,ETH/GBP,2595.21,2644.21,2551.16,2578.38,2734.5942,7111138.474949,7861
1633564800000,2021-10-07 00:00:00,ETH/GBP,2599.42,2634.76,2520.45,2597.03,3982.1448,10303582.759274,10372
1633478400000,2021-10-06 00:00:00,ETH/GBP,2578.27,2633.04,2425,2602.86,4396.0648,11241362.309968,12008
1633392000000,2021-10-05 00:00:00,ETH/GBP,2488,2601,2473.97,2579.22,3033.5572,7679376.616153,7642
1633305600000,2021-10-04 00:00:00,ETH/GBP,2519.2,2526.08,2405.61,2488.71,2815.3801,6949971.265723,7236
1633219200000,2021-10-03 00:00:00,ETH/GBP,2501.02,2574.99,2466.65,2521.03,1972.0507,4971956.405068,7472
1633132800000,2021-10-02 00:00:00,ETH/GBP,2446.78,2563.97,2408.82,2504.14,3085.2996,7618985.715365,7275
1633046400000,2021-10-01 00:00:00,ETH/GBP,2234.56,2460.83,2214.97,2446,3845.4697,9113762.749671,9210
1632960000000,2021-09-30 00:00:00,ETH/GBP,2139.64,2277.21,2130.98,2237.84,2699.6113,6027118.862356,6103
1632873600000,2021-09-29 00:00:00,ETH/GBP,2104.04,2210.6,2085.54,2142.96,2369.9692,5110689.077963,5961
1632787200000,2021-09-28 00:00:00,ETH/GBP,2163.79,2201.94,2092,2108.41,2378.1362,5114570.322872,6233
1632700800000,2021-09-27 00:00:00,ETH/GBP,2267.44,2346.87,2166.18,2167.27,3279.0805,7441402.831091,7774
1632614400000,2021-09-26 00:00:00,ETH/GBP,2170.67,2314.4,2040.12,2271.07,4395.4374,9608946.95706,9334
1632528000000,2021-09-25 00:00:00,ETH/GBP,2173.48,2204.17,2084.5,2169.75,4030.9494,8700869.75115,7145
1632441600000,2021-09-24 00:00:00,ETH/GBP,2328.93,2332.76,2025,2174.3,6214.6796,13414013.015286,15542
1632355200000,2021-09-23 00:00:00,ETH/GBP,2280,2343.52,2249.35,2328.35,4450.1522,10240274.013528,7850
1632268800000,2021-09-22 00:00:00,ETH/GBP,2040.12,2283.76,2022.03,2280,4649.4894,10065080.932081,9275
1632182400000,2021-09-21 00:00:00,ETH/GBP,2195,2292.29,1962.77,2036.25,7002.19251,15019209.7401707,15385
1632096000000,2021-09-20 00:00:00,ETH/GBP,2440,2447.66,2149.77,2195.17,5556.14794,12614300.648369,12981
1632009600000,2021-09-19 00:00:00,ETH/GBP,2506.9,2525.99,2401.28,2432.55,2101.8654,5178777.818991,5250
1631923200000,2021-09-18 00:00:00,ETH/GBP,2481.37,2608.14,2459.49,2510.73,2565.2026,6493033.688242,5882
1631836800000,2021-09-17 00:00:00,ETH/GBP,2598.95,2616.08,2445.39,2479.93,3184.6566,8051267.609142,7040
1631750400000,2021-09-16 00:00:00,ETH/GBP,2639.69,2698.86,2540.01,2596.8,5259.9603,13794114.814254,13574
1631664000000,2021-09-15 00:00:00,ETH/GBP,2513.54,2639.69,2459.2,2637.43,3505.4161,8877242.313619,8348
1631577600000,2021-09-14 00:00:00,ETH/GBP,2407.23,2513.55,2399.8,2513.55,2777.5766,6793953.598026,6970
1631491200000,2021-09-13 00:00:00,ETH/GBP,2487.84,2507.06,2287.07,2414,5178.1564,12333165.885337,19688
1631404800000,2021-09-12 00:00:00,ETH/GBP,2390.46,2539.79,2370.65,2492.85,2876.0766,7133984.970061,7208
1631318400000,2021-09-11 00:00:00,ETH/GBP,2357.83,2452.58,2350.71,2396.38,3475.9356,8354108.763429,7346
1631232000000,2021-09-10 00:00:00,ETH/GBP,2549.05,2612.75,2310.02,2357.8,5009.0877,12317437.029198,10310
1631145600000,2021-09-09 00:00:00,ETH/GBP,2600,2649.74,2525,2548.67,4979.8155,12934796.377566,10161
1631059200000,2021-09-08 00:00:00,ETH/GBP,2549.11,2647.8,2382.64,2600,6394.3262,16257698.151872,12461
1630972800000,2021-09-07 00:00:00,ETH/GBP,2825.5,2840.67,2150,2540.79,10286.15208,26863184.3743445,25170
1630886400000,2021-09-06 00:00:00,ETH/GBP,2836.56,2849.26,2600,2825.81,5066.3109,14259164.337218,11524
1630800000000,2021-09-05 00:00:00,ETH/GBP,2788.29,2854.44,2754.35,2836.86,4965.5026,13973484.330808,11686
1630713600000,2021-09-04 00:00:00,ETH/GBP,2824.8,2850.64,2753.04,2788.57,5490.9458,15380803.055472,11085
1630627200000,2021-09-03 00:00:00,ETH/GBP,2727.55,2893.81,2672.49,2825.46,7172.55105,20172907.9492376,15861
1630540800000,2021-09-02 00:00:00,ETH/GBP,2780,2787.81,2683.66,2728.14,5739.383,15627986.534863,13405
1630454400000,2021-09-01 00:00:00,ETH/GBP,2493.82,2790,2462.46,2781.93,8551.8556,22415070.7012693,19667
1630368000000,2021-08-31 00:00:00,ETH/GBP,2344.86,2524.98,2320.72,2496.21,5513.51371,13421065.1273662,16006
1630281600000,2021-08-30 00:00:00,ETH/GBP,2334.2,2417.72,2275.91,2344.86,4181.64269,9792212.9988928,11147
1630195200000,2021-08-29 00:00:00,ETH/GBP,2345.61,2370.31,2283.08,2333.51,2190.0713,5089186.863365,6011
1630108800000,2021-08-28 00:00:00,ETH/GBP,2379.35,2386,2328.01,2343,1716.11075,4033313.2169535,5253
1630022400000,2021-08-27 00:00:00,ETH/GBP,2258.48,2382.43,2236,2377.72,1984.22329,4607159.5279124,5941
1629936000000,2021-08-26 00:00:00,ETH/GBP,2349.62,2362.57,2226.61,2259.46,3249.14202,7402683.7763999,7989
1629849600000,2021-08-25 00:00:00,ETH/GBP,2310.15,2363.64,2244.15,2346.13,3251.52355,7506750.8677685,7823
1629763200000,2021-08-24 00:00:00,ETH/GBP,2405.88,2429,2272,2312.76,3583.63547,8431753.9676199,8600
1629676800000,2021-08-23 00:00:00,ETH/GBP,2323.62,2436,2319.38,2405.84,3840.57017,9199194.8898873,9262
1629590400000,2021-08-22 00:00:00,ETH/GBP,2296.14,2338.51,2253,2325.11,2379.87751,5465344.8268402,5930
1629504000000,2021-08-21 00:00:00,ETH/GBP,2325.22,2337.29,2285,2293.67,3616.61224,8362224.8778959,9826
1629417600000,2021-08-20 00:00:00,ETH/GBP,2245,2337.82,2200.43,2325.41,5209.08781,11936926.7681313,13772
1629331200000,2021-08-19 00:00:00,ETH/GBP,2165.83,2245,2109,2245,2983.29075,6510783.2541774,7868
1629244800000,2021-08-18 00:00:00,ETH/GBP,2167.45,2206.68,2125.01,2160,3082.99249,6678904.504946,8384
1629158400000,2021-08-17 00:00:00,ETH/GBP,2233.75,2286,2150.63,2169.05,5251.97636,11722166.2797761,11173
1629072000000,2021-08-16 00:00:00,ETH/GBP,2275.05,2295,2225,2234.43,3653.37759,8260836.1081602,8947
1628985600000,2021-08-15 00:00:00,ETH/GBP,2231.83,2285,2185.88,2277.8,3325.80479,7399230.4262624,8227
1628899200000,2021-08-14 00:00:00,ETH/GBP,2262.57,2277.77,2213.46,2231.83,3445.3863,7737515.1415945,7198
1628812800000,2021-08-13 00:00:00,ETH/GBP,2132.87,2267.01,2122.22,2260.04,3452.3056,7631095.0381304,7301
1628726400000,2021-08-12 00:00:00,ETH/GBP,2196.27,2235.85,2111.65,2131.29,4715.65743,10243593.5560508,9760
1628640000000,2021-08-11 00:00:00,ETH/GBP,2175.32,2243.73,2156.32,2197.98,6486.4986,14367456.7721954,12094
1628553600000,2021-08-10 00:00:00,ETH/GBP,2169.58,2230.87,2120.89,2174.32,7742.02432,16852742.4810011,13653
1628467200000,2021-08-09 00:00:00,ETH/GBP,2103.9,2194.36,2010.6,2168.18,10421.13151,22164034.754442,17940
1628380800000,2021-08-08 00:00:00,ETH/GBP,2226.84,2241.74,2020.01,2103.75,12782.60947,27315541.3773855,23911
1628294400000,2021-08-07 00:00:00,ETH/GBP,2010.91,2250,1995.97,2226.49,15174.88498,32580352.266866,29542
1628208000000,2021-08-06 00:00:00,ETH/GBP,1958.07,2039,1904.19,2010.91,9232.94888,18239519.1456345,17593
1628121600000,2021-08-05 00:00:00,ETH/GBP,1925.39,2000.44,1809,1956.58,12591.35234,24081535.7446926,23460
1628035200000,2021-08-04 00:00:00,ETH/GBP,1776.44,1957.36,1746.31,1925.04,9525.66165,17715287.7038119,17249
1627948800000,2021-08-03 00:00:00,ETH/GBP,1838.78,1860,1736,1775.27,7186.13222,12777186.8892638,14040
1627862400000,2021-08-02 00:00:00,ETH/GBP,1810.56,1866.64,1780.89,1838.77,7521.42506,13732913.678724,12320
1627776000000,2021-08-01 00:00:00,ETH/GBP,1749.79,1883.8,1736.23,1811.61,8468.95506,15328575.3077234,12168
1627689600000,2021-07-31 00:00:00,ETH/GBP,1697.36,1768.56,1659.04,1748.16,5749.74087,9848745.6223158,8298
1627603200000,2021-07-30 00:00:00,ETH/GBP,1670,1713.17,1603.68,1696.32,7546.03152,12567414.2770343,9572
1627516800000,2021-07-29 00:00:00,ETH/GBP,1618.58,1681.92,1594.16,1669,5123.4584,8332261.3070909,7660
1627430400000,2021-07-28 00:00:00,ETH/GBP,1623.83,1652,1586.45,1616.74,6865.67999,11138062.5757948,12480
1627344000000,2021-07-27 00:00:00,ETH/GBP,1577.11,1648.66,1521.99,1624.13,7826.07292,12382394.5473538,18603
1627257600000,2021-07-26 00:00:00,ETH/GBP,1591.51,1728.52,1565.85,1579.69,11975.3435,19835714.8478349,23254
1627171200000,2021-07-25 00:00:00,ETH/GBP,1585.89,1595.29,1529.04,1591.52,4805.85643,7518942.8905481,10017
1627084800000,2021-07-24 00:00:00,ETH/GBP,1529.56,1595,1510.61,1584.71,5563.80989,8649229.8182427,9994
1626998400000,2021-07-23 00:00:00,ETH/GBP,1455.9,1530.4,1433.91,1526.53,9649.39073,14250695.4004014,12669
1626912000000,2021-07-22 00:00:00,ETH/GBP,1455.84,1483.97,1416.24,1455.88,33394.38497,48450404.7971778,23075
1626825600000,2021-07-21 00:00:00,ETH/GBP,1279,1484.16,1255,1456.11,33143.42649,46635992.695048,29339
1626739200000,2021-07-20 00:00:00,ETH/GBP,1311.3,1326.54,1235.07,1277.91,8150.44105,10356288.4251766,19640
1626652800000,2021-07-19 00:00:00,ETH/GBP,1353.43,1372.47,1299.27,1310.84,4878.82361,6484782.1787078,8236
1626566400000,2021-07-18 00:00:00,ETH/GBP,1346.22,1412.36,1336.56,1353.43,5431.99342,7465806.2732439,13418
1626480000000,2021-07-17 00:00:00,ETH/GBP,1325.86,1359.65,1316.27,1346.52,4738.99512,6338186.0668075,12337
1626393600000,2021-07-16 00:00:00,ETH/GBP,1357.08,1382.27,1306.32,1326.74,5662.05834,7617609.8522451,10738
1626307200000,2021-07-15 00:00:00,ETH/GBP,1393.53,1428.71,1318.01,1356.03,6876.22787,9324453.8243755,12075
1626220800000,2021-07-14 00:00:00,ETH/GBP,1340.79,1408.89,1291.02,1393.81,7043.45061,9547381.6259513,13041
1626134400000,2021-07-13 00:00:00,ETH/GBP,1369.07,1408.13,1312.24,1337.53,7927.78891,10828541.1521487,9750
1626048000000,2021-07-12 00:00:00,ETH/GBP,1450.87,1466,1330,1368.23,6544.54315,9044490.4566608,11814
1625961600000,2021-07-11 00:00:00,ETH/GBP,1443.7,1475,1421.62,1449.21,4061.66954,5889986.4762496,9784
1625875200000,2021-07-10 00:00:00,ETH/GBP,1484.55,1515.02,1424.31,1440.4,6187.42594,9019038.5670843,12320
1625788800000,2021-07-09 00:00:00,ETH/GBP,1491.4,1535.97,1450.28,1484.37,7325.86139,10937320.1806356,10651
1625702400000,2021-07-08 00:00:00,ETH/GBP,1611,1617.84,1467,1491.41,11721.36379,18067206.1119078,18674
1625616000000,2021-07-07 00:00:00,ETH/GBP,1617.75,1675.89,1598.67,1612.47,8609.5734,14111640.0400229,16580
1625529600000,2021-07-06 00:00:00,ETH/GBP,1550.1,1646,1548.01,1618.36,9364.18563,15041568.3867023,16629
1625443200000,2021-07-05 00:00:00,ETH/GBP,1640.6,1642.34,1538.41,1550.1,12037.96331,19213316.2951309,21034
1625356800000,2021-07-04 00:00:00,ETH/GBP,1577.37,1686.23,1552.15,1642.07,12162.24292,19932327.1528773,21970
1625270400000,2021-07-03 00:00:00,ETH/GBP,1534.49,1586.18,1510.09,1577.55,7900.56843,12343784.7013845,16135
1625184000000,2021-07-02 00:00:00,ETH/GBP,1512,1539.01,1457.12,1535.5,9557.17525,14281433.248747,17435
1625097600000,2021-07-01 00:00:00,ETH/GBP,1608.24,1608.24,1491.72,1512.84,12630.04848,19337981.4362076,19453
1625011200000,2021-06-30 00:00:00,ETH/GBP,1558.92,1630,1484,1607.02,17507.51307,27090317.3176439,32285
1624924800000,2021-06-29 00:00:00,ETH/GBP,1496.93,1622.47,1490.56,1557.49,17275.72295,27176511.8753009,32351
1624838400000,2021-06-28 00:00:00,ETH/GBP,1427.82,1535.89,1413.15,1496.58,25143.4784,36933374.1838736,37752
1624752000000,2021-06-27 00:00:00,ETH/GBP,1323.4,1429.55,1295.33,1428.21,22404.46401,29867800.6371497,35735
1624665600000,2021-06-26 00:00:00,ETH/GBP,1306.78,1338.02,1241.74,1321.61,18171.41752,23276879.523187,38586
1624579200000,2021-06-25 00:00:00,ETH/GBP,1431,1450.68,1289.64,1306.94,17750.00989,23889081.1462482,29901
1624492800000,2021-06-24 00:00:00,ETH/GBP,1412.78,1464.16,1351.64,1430.25,13423.88453,18955557.808297,20334
1624406400000,2021-06-23 00:00:00,ETH/GBP,1347.95,1469.85,1309.37,1411.57,23728.88425,33696524.5080306,29521
1624320000000,2021-06-22 00:00:00,ETH/GBP,1355.04,1458.85,1225.39,1347.82,40883.61565,54690880.2598701,53833
1624233600000,2021-06-21 00:00:00,ETH/GBP,1627.45,1640,1341.41,1357.26,39075.77981,56376643.7289324,57005
1624147200000,2021-06-20 00:00:00,ETH/GBP,1573.74,1652.9,1488.22,1626.94,16795.51021,26240780.8509984,31190
1624060800000,2021-06-19 00:00:00,ETH/GBP,1622.4,1653.71,1572.5,1574.69,9005.22881,14534627.1369503,18354
1623974400000,2021-06-18 00:00:00,ETH/GBP,1704.94,1708.86,1551,1619.49,17786.14905,29109792.8891545,29859
1623888000000,2021-06-17 00:00:00,ETH/GBP,1693.89,1759.46,1660.46,1706.02,15374.34009,26340905.2851923,25694
1623801600000,2021-06-16 00:00:00,ETH/GBP,1807.92,1812.98,1682.42,1693.89,13349.74912,23304725.0039799,22087
1623715200000,2021-06-15 00:00:00,ETH/GBP,1831.32,1872.62,1783.92,1808.23,13985.59928,25615881.6400841,23126
1623628800000,2021-06-14 00:00:00,ETH/GBP,1779.5,1848.73,1747.87,1832.09,13284.16554,23833041.7440615,24287
1623542400000,2021-06-13 00:00:00,ETH/GBP,1685.57,1808.72,1641.26,1778.24,14448.06395,24681065.8212129,25219
1623456000000,2021-06-12 00:00:00,ETH/GBP,1670.59,1745.7,1602.63,1682.5,15138.81202,25394185.9070751,25326
1623369600000,2021-06-11 00:00:00,ETH/GBP,1745.73,1764,1647.31,1670.57,14088.28537,24164897.8469735,24509
1623283200000,2021-06-10 00:00:00,ETH/GBP,1852.88,1861.82,1715,1745.36,16461.1438,29402105.6977661,24148
1623196800000,2021-06-09 00:00:00,ETH/GBP,1776.35,1862.59,1702.42,1850.71,23885.85791,42704531.0252709,33653
1623110400000,2021-06-08 00:00:00,ETH/GBP,1831.91,1853.16,1632.67,1775.22,32377.44492,56771728.1894913,48709
1623024000000,2021-06-07 00:00:00,ETH/GBP,1918.08,2011.16,1818.92,1833.51,21158.13917,40823883.65989,34006
1622937600000,2021-06-06 00:00:00,ETH/GBP,1864.4,1945.57,1854.17,1917.15,15515.64209,29586416.8137887,24175
1622851200000,2021-06-05 00:00:00,ETH/GBP,1903.18,1994.97,1810,1865.13,21625.3931,40971972.1035159,29364
1622764800000,2021-06-04 00:00:00,ETH/GBP,2026.68,2028.32,1807.01,1903.19,26505.96016,50123005.9444015,42000
1622678400000,2021-06-03 00:00:00,ETH/GBP,1910.31,2039.32,1880.02,2026,19971.02459,39752677.0690407,34150
1622592000000,2021-06-02 00:00:00,ETH/GBP,1861.86,1979.27,1801.85,1912.08,18809.64032,35858284.8435107,33012
1622505600000,2021-06-01 00:00:00,ETH/GBP,1904.37,1929.21,1784.58,1861.31,20905.68782,38398368.8961772,37714
1622419200000,2021-05-31 00:00:00,ETH/GBP,1686.15,1914.77,1605.56,1905.07,20851.65946,36943941.2370553,66957
1622332800000,2021-05-30 00:00:00,ETH/GBP,1613.51,1752.85,1544.53,1687.2,23659.87115,39727832.8287531,66794
1622246400000,2021-05-29 00:00:00,ETH/GBP,1706.72,1840,1562.56,1612.81,25314.85458,42656717.752162,83556
1622160000000,2021-05-28 00:00:00,ETH/GBP,1935.35,1948.3,1630,1705.45,33431.88401,59690868.9570422,95753
1622073600000,2021-05-27 00:00:00,ETH/GBP,2049.23,2051.08,1850,1934.52,22918.23199,44769928.9903059,69673
1621987200000,2021-05-26 00:00:00,ETH/GBP,1915.4,2063.27,1870.5,2049.58,32495.23585,64243595.709869,89721
1621900800000,2021-05-25 00:00:00,ETH/GBP,1877.61,1947.96,1675,1914.7,40866.22001,74372341.3546741,121066
1621814400000,2021-05-24 00:00:00,ETH/GBP,1492,1896.04,1477.19,1874.29,48447.408,81733551.1589316,136692
1621728000000,2021-05-23 00:00:00,ETH/GBP,1630.66,1690.79,1228,1490.33,70354.84358,100720278.990327,205379
1621641600000,2021-05-22 00:00:00,ETH/GBP,1726.67,1764.3,1525,1630.32,42908.55351,71329990.467658,139313
1621555200000,2021-05-21 00:00:00,ETH/GBP,1962.32,2083.01,1494,1725.85,52253.43633,93623731.3801216,153773
1621468800000,2021-05-20 00:00:00,ETH/GBP,1744.08,2137.88,1542.7,1962.43,55941.48709,106091387.858527,172928
1621382400000,2021-05-19 00:00:00,ETH/GBP,2387.63,2432.92,1300,1735.78,92295.54636,177150053.352327,217268
1621296000000,2021-05-18 00:00:00,ETH/GBP,2324.45,2517.68,2293.36,2388.26,25892.30494,62396145.6216373,88946
1621209600000,2021-05-17 00:00:00,ETH/GBP,2551.98,2556.94,2207.51,2323.44,42048.93541,100022404.219243,124186
1621123200000,2021-05-16 00:00:00,ETH/GBP,2603.78,2764.27,2350,2553.26,33544.66009,85568024.0202389,108158
1621036800000,2021-05-15 00:00:00,ETH/GBP,2902.34,2942.37,2593.43,2603.33,19350.38045,53149630.5374573,79695
1620950400000,2021-05-14 00:00:00,ETH/GBP,2661.83,2972.51,2643.03,2903.72,22981.00858,64992554.2345781,83002
1620864000000,2021-05-13 00:00:00,ETH/GBP,2727.52,2884.42,2515,2661.51,52287.49631,141130289.911725,183699
1620777600000,2021-05-12 00:00:00,ETH/GBP,2962.71,3107.14,2665.93,2727.52,34653.91317,102882472.845597,119284
1620691200000,2021-05-11 00:00:00,ETH/GBP,2807.34,2967.16,2681.91,2960.22,23372.55339,66022383.3245007,69847
1620604800000,2021-05-10 00:00:00,ETH/GBP,2808.62,2990,2500,2808.04,36921.76629,106381438.61391,105637
1620518400000,2021-05-09 00:00:00,ETH/GBP,2819.58,2869.68,2687.01,2807.42,22735.41015,63600412.141443,75287
1620432000000,2021-05-08 00:00:00,ETH/GBP,2503.79,2856.76,2482.16,2818.38,24476.71787,65473820.4276083,74339
1620345600000,2021-05-07 00:00:00,ETH/GBP,2522.21,2573.51,2422.86,2503.16,14000.90996,35011903.2957444,47069
1620259200000,2021-05-06 00:00:00,ETH/GBP,2541.35,2605,2436.78,2521.64,22700.2561,57205154.4424835,63245
1620172800000,2021-05-05 00:00:00,ETH/GBP,2342.97,2553.7,2322.83,2539.05,23259.78842,56508137.7832159,68568
1620086400000,2021-05-04 00:00:00,ETH/GBP,2475.1,2553.25,2289,2343.78,44872.5024,108571097.360573,110117
1620000000000,2021-05-03 00:00:00,ETH/GBP,2144.72,2492.93,2144.72,2473.5,31680.57994,73596732.3914731,82972
1619913600000,2021-05-02 00:00:00,ETH/GBP,2143.94,2168.78,2072.27,2144.74,12586.71637,26795942.1258597,32920
1619827200000,2021-05-01 00:00:00,ETH/GBP,2014.54,2149.98,2003.06,2143.95,15987.49316,33470856.6991047,38288
1619740800000,2021-04-30 00:00:00,ETH/GBP,1982.71,2023.03,1959.28,2013.89,14836.98978,29589378.5581669,36158
1619654400000,2021-04-29 00:00:00,ETH/GBP,1968.54,2008.64,1919.74,1983.16,17796.8508,35063583.2240407,39876
1619568000000,2021-04-28 00:00:00,ETH/GBP,1924.48,1985.55,1850.17,1968.34,18245.30864,35258919.381649,46071
1619481600000,2021-04-27 00:00:00,ETH/GBP,1827.43,1932.37,1792.78,1924.16,15885.43072,29706007.1476093,37654
1619395200000,2021-04-26 00:00:00,ETH/GBP,1680.9,1832.79,1669.72,1827.91,16961.17996,30271607.9312302,40286
1619308800000,2021-04-25 00:00:00,ETH/GBP,1608.46,1708.88,1574.43,1680.56,13292.14331,21928277.3364457,31666
1619222400000,2021-04-24 00:00:00,ETH/GBP,1715.22,1716.42,1565.8,1608.3,16180.73461,26447076.6475087,49262
1619136000000,2021-04-23 00:00:00,ETH/GBP,1736.46,1765.73,1525.58,1714.83,40180.4264,65597456.0268225,123896
1619049600000,2021-04-22 00:00:00,ETH/GBP,1696.49,1911.33,1662.9,1736.63,45427.48633,81433267.2344519,163680
1618963200000,2021-04-21 00:00:00,ETH/GBP,1677.73,1774.81,1610,1696.74,44584.46736,75819973.2143212,118049
1618876800000,2021-04-20 00:00:00,ETH/GBP,1552.99,1690.85,1477.09,1678.42,32204.11623,50965767.7865994,91766
1618790400000,2021-04-19 00:00:00,ETH/GBP,1646.01,1688.46,1478,1552.66,23451.45779,37380096.9355879,75935
1618704000000,2021-04-18 00:00:00,ETH/GBP,1695.23,1709.75,1500,1645.88,32942.32858,52710000.5729564,125178
1618617600000,2021-04-17 00:00:00,ETH/GBP,1762.7,1813.37,1689.01,1695.1,17921.8087,31478449.3411393,68700
1618531200000,2021-04-16 00:00:00,ETH/GBP,1832.58,1856.04,1680.4,1762.7,25655.41882,45232218.0419253,94138
1618444800000,2021-04-15 00:00:00,ETH/GBP,1773.63,1853.98,1748.49,1831.74,20968.14686,37617706.9808788,72844
1618358400000,2021-04-14 00:00:00,ETH/GBP,1680.84,1782.37,1664.54,1772.95,26467.64473,45520403.508708,89942
1618272000000,2021-04-13 00:00:00,ETH/GBP,1556.76,1694.72,1555.7,1680.68,23462.61028,38292505.3214283,68264
1618185600000,2021-04-12 00:00:00,ETH/GBP,1574.42,1605.29,1534.12,1556.92,17790.28545,27885561.1567226,50046
1618099200000,2021-04-11 00:00:00,ETH/GBP,1562.86,1588.71,1547.76,1574.07,14428.91574,22632905.0402884,42424
1618012800000,2021-04-10 00:00:00,ETH/GBP,1512.77,1597.17,1507.36,1563,16854.03596,26357981.7984089,50584
1617926400000,2021-04-09 00:00:00,ETH/GBP,1518.18,1534.99,1496.41,1512.94,11481.97815,17408627.8296588,32305
1617840000000,2021-04-08 00:00:00,ETH/GBP,1434.8,1520.72,1423.84,1518.51,15541.31606,22973254.7576651,40421
1617753600000,2021-04-07 00:00:00,ETH/GBP,1534.28,1545,1409,1434.65,21043.47337,30867198.5302495,59540
1617667200000,2021-04-06 00:00:00,ETH/GBP,1516.75,1548.99,1482.83,1533.29,15189.92034,23170792.8399096,50723
1617580800000,2021-04-05 00:00:00,ETH/GBP,1512.53,1534.54,1458.27,1515.8,14191.81029,21286797.6576167,45574
1617494400000,2021-04-04 00:00:00,ETH/GBP,1460.94,1524.78,1440.46,1512.59,9165.44753,13686210.8180462,38277
1617408000000,2021-04-03 00:00:00,ETH/GBP,1547.09,1551.47,1453.55,1461.19,17096.31513,25763509.1163751,55890
1617321600000,2021-04-02 00:00:00,ETH/GBP,1427.53,1555.71,1412.92,1547.48,13622.51702,20150926.7125511,49315
1617235200000,2021-04-01 00:00:00,ETH/GBP,1394.97,1438,1368.83,1427.24,13931.59815,19618096.1185389,48001
1617148800000,2021-03-31 00:00:00,ETH/GBP,1341.79,1415,1293.58,1394.65,15296.83042,20672457.7116588,46234
1617062400000,2021-03-30 00:00:00,ETH/GBP,1321.38,1356.55,1300.11,1341.2,11106.99874,14821558.7925261,33402
1616976000000,2021-03-29 00:00:00,ETH/GBP,1228,1338.26,1222.44,1321.54,11088.86629,14333852.4036562,38187
1616889600000,2021-03-28 00:00:00,ETH/GBP,1245.23,1254.01,1209.2,1227.98,6194.71824,7638826.7474047,26086
1616803200000,2021-03-27 00:00:00,ETH/GBP,1235.53,1258.07,1212,1245.52,8087.43332,9990049.6029448,29578
1616716800000,2021-03-26 00:00:00,ETH/GBP,1156.89,1236.03,1156.68,1235.33,10545.51536,12614762.0894391,37544
1616630400000,2021-03-25 00:00:00,ETH/GBP,1160.65,1186,1135.11,1156.87,14521.01857,16884435.3510306,61400
1616544000000,2021-03-24 00:00:00,ETH/GBP,1217.06,1270.51,1130,1160.25,14428.77208,17430687.1020114,51620
1616457600000,2021-03-23 00:00:00,ETH/GBP,1219.08,1253.28,1197.3,1217.73,11653.02381,14315206.4760178,43981
1616371200000,2021-03-22 00:00:00,ETH/GBP,1294.57,1307.81,1200,1218.82,13547.62138,17111981.4350326,43546
1616284800000,2021-03-21 00:00:00,ETH/GBP,1307.2,1315.9,1270,1294.61,7803.11584,10104080.9038889,31272
1616198400000,2021-03-20 00:00:00,ETH/GBP,1309.02,1350.78,1302.71,1307.38,7875.14597,10458629.0838831,30990
1616112000000,2021-03-19 00:00:00,ETH/GBP,1279.53,1331.04,1250.16,1309.17,11229.79394,14629288.1325875,34978
1616025600000,2021-03-18 00:00:00,ETH/GBP,1306.89,1325.93,1267.4,1279.68,12036.64404,15596108.5130913,40126
1615939200000,2021-03-17 00:00:00,ETH/GBP,1300.48,1320,1257.02,1306.16,12164.06856,15700423.035591,45180
1615852800000,2021-03-16 00:00:00,ETH/GBP,1294.55,1318.4,1239.56,1300.55,12713.33704,16354281.5546743,51546
1615766400000,2021-03-15 00:00:00,ETH/GBP,1332.43,1362.79,1250.46,1294.16,17431.07824,22548636.6516999,70531
1615680000000,2021-03-14 00:00:00,ETH/GBP,1382.55,1388.08,1324.24,1333.39,13231.32989,17930786.6078167,60624
1615593600000,2021-03-13 00:00:00,ETH/GBP,1271.41,1397.28,1245.44,1381.99,15791.77247,21199084.7376968,71424
1615507200000,2021-03-12 00:00:00,ETH/GBP,1309.69,1321.31,1241.89,1271.99,14902.31643,19000834.9680275,67344
1615420800000,2021-03-11 00:00:00,ETH/GBP,1292.66,1324,1243.6,1309.77,15388.90734,19785883.2749866,69452
1615334400000,2021-03-10 00:00:00,ETH/GBP,1350.16,1355,1265.56,1292.83,20293.03092,26685998.5806421,65934
1615248000000,2021-03-09 00:00:00,ETH/GBP,1330.88,1350.8,1297.44,1350.49,20287.03376,26811121.7131825,53737
1615161600000,2021-03-08 00:00:00,ETH/GBP,1248.93,1337.12,1207.38,1330.69,21721.71045,27416291.3925911,63219
1615075200000,2021-03-07 00:00:00,ETH/GBP,1192.91,1253.88,1180,1249.11,12210.24725,14755388.3038092,45914
1614988800000,2021-03-06 00:00:00,ETH/GBP,1107.07,1207.36,1096.67,1194.23,13762.1266,15831355.4707085,44787
1614902400000,2021-03-05 00:00:00,ETH/GBP,1113,1121.9,1043.92,1107.3,18298.06442,19738546.0016061,61537
1614816000000,2021-03-04 00:00:00,ETH/GBP,1130.36,1169.64,1086.8,1111.66,21864.88458,24515979.1984355,65830
1614729600000,2021-03-03 00:00:00,ETH/GBP,1071.07,1187,1062.78,1130.36,16394.34179,18766251.3952184,57282
1614643200000,2021-03-02 00:00:00,ETH/GBP,1131.7,1155.14,1047.12,1070.6,16979.57119,18759240.3208871,66530
1614556800000,2021-03-01 00:00:00,ETH/GBP,1020.39,1133.02,1014.28,1131.43,20248.50554,21881746.9394779,75576
1614470400000,2021-02-28 00:00:00,ETH/GBP,1054.7,1060.71,935.33,1020.53,27893.80935,27702976.6979825,91235
1614384000000,2021-02-27 00:00:00,ETH/GBP,1042.32,1100.34,1030.13,1055.05,17001.50532,18161337.3489478,65105
1614297600000,2021-02-26 00:00:00,ETH/GBP,1062.45,1124.66,1007.81,1041.88,28862.63395,30733662.1730143,91225
1614211200000,2021-02-25 00:00:00,ETH/GBP,1154.05,1182.8,1046.6,1062.34,21066.29562,23875620.8054549,79644
1614124800000,2021-02-24 00:00:00,ETH/GBP,1122.21,1218.35,1066.8,1153.24,32625.01549,37942427.5365358,100912
1614038400000,2021-02-23 00:00:00,ETH/GBP,1272.17,1275.33,966.15,1122.75,54316.5761,59589618.938725,102847
1613952000000,2021-02-22 00:00:00,ETH/GBP,1388.37,1390.58,1106.51,1271.24,31992.52015,40649641.2727961,110769
